galaxy,radius,mu,kill,error
NGC3838,0.65,13.393,1,0.001
NGC3838,0.72,13.417,1,0.001
NGC3838,0.79,13.443,1,0.002
NGC3838,0.87,13.476,1,0.002
NGC3838,0.96,13.514,1,0.002
NGC3838,1.05,13.564,1,0.001
NGC3838,1.16,13.619,1,0.002
NGC3838,1.27,13.681,1,0.002
NGC3838,1.40,13.758,1,0.002
NGC3838,1.54,13.849,1,0.002
NGC3838,1.69,13.934,1,0.002
NGC3838,1.86,14.032,1,0.002
NGC3838,2.05,14.138,1,0.003
NGC3838,2.25,14.262,1,0.004
NGC3838,2.48,14.400,1,0.005
NGC3838,2.73,14.560,1,0.006
NGC3838,3.00,14.718,1,0.005
NGC3838,3.30,14.879,1,0.005
NGC3838,3.63,15.025,1,0.006
NGC3838,3.99,15.184,1,0.006
NGC3838,4.39,15.357,1,0.005
NGC3838,4.83,15.521,1,0.006
NGC3838,5.31,15.689,1,0.005
NGC3838,5.85,15.843,1,0.005
NGC3838,6.43,15.983,1,0.005
NGC3838,7.07,16.098,1,0.006
NGC3838,7.78,16.212,1,0.006
NGC3838,8.56,16.316,1,0.007
NGC3838,9.42,16.421,1,0.007
NGC3838,10.36,16.531,1,0.007
NGC3838,11.39,16.649,1,0.006
NGC3838,12.53,16.679,1,0.008
NGC3838,13.78,16.769,1,0.014
NGC3838,15.16,16.960,1,0.017
NGC3838,16.68,17.180,1,0.014
NGC3838,18.35,17.426,1,0.010
NGC3838,20.18,17.672,1,0.011
NGC3838,22.20,18.005,1,0.010
NGC3838,24.42,18.383,1,0.009
NGC3838,26.86,18.720,1,0.010
NGC3838,29.55,19.140,1,0.012
NGC3838,32.50,19.571,1,0.018
NGC3838,35.75,20.044,1,0.026
NGC3838,39.33,20.467,1,0.039
NGC3838,43.26,20.921,1,0.057
NGC3838,47.59,21.136,1,0.070
NGC3838,52.35,21.539,1,0.099
NGC3838,57.58,21.938,1,0.139
NGC3838,63.34,22.215,1,0.176
NGC3838,69.68,22.650,1,0.253
NGC3838,76.64,22.896,1,0.309
NGC3838,84.31,23.259,1,0.411
NGC3838,92.74,23.297,1,0.421
NGC3838,102.01,23.740,1,0.584
NGC3838,112.21,24.144,1,0.771
NGC3838,123.43,24.332,1,0.871
NGC3838,135.78,24.656,1,1.058
NGC3838,149.36,24.708,1,1.092
NGC3838,164.29,24.670,1,1.070
NGC6798,1.50,15.705,1,0.001
NGC6798,1.65,15.715,1,0.001
NGC6798,1.81,15.727,1,0.001
NGC6798,1.99,15.742,1,0.001
NGC6798,2.19,15.758,1,0.001
NGC6798,2.41,15.779,1,0.001
NGC6798,2.65,15.802,1,0.001
NGC6798,2.92,15.831,1,0.001
NGC6798,3.21,15.865,1,0.001
NGC6798,3.53,15.907,1,0.001
NGC6798,3.88,15.954,1,0.001
NGC6798,4.27,16.011,1,0.001
NGC6798,4.70,16.078,1,0.001
NGC6798,5.17,16.157,1,0.001
NGC6798,5.68,16.245,1,0.001
NGC6798,6.25,16.346,1,0.001
NGC6798,6.88,16.460,1,0.001
NGC6798,7.56,16.584,1,0.001
NGC6798,8.32,16.720,1,0.001
NGC6798,9.15,16.861,1,0.001
NGC6798,10.07,17.011,1,0.002
NGC6798,11.07,17.161,1,0.002
NGC6798,12.18,17.316,1,0.003
NGC6798,13.40,17.469,1,0.003
NGC6798,14.74,17.626,1,0.003
NGC6798,16.21,17.786,1,0.004
NGC6798,17.83,17.958,1,0.004
NGC6798,19.62,18.144,1,0.004
NGC6798,21.58,18.348,1,0.004
NGC6798,23.73,18.565,1,0.004
NGC6798,26.11,18.783,1,0.004
NGC6798,28.72,18.976,1,0.008
NGC6798,31.59,19.190,1,0.007
NGC6798,34.75,19.384,1,0.009
NGC6798,38.22,19.599,1,0.011
NGC6798,42.05,19.841,1,0.013
NGC6798,46.25,20.155,1,0.016
NGC6798,50.88,20.557,1,0.022
NGC6798,55.96,20.886,1,0.031
NGC6798,61.56,21.246,1,0.042
NGC6798,67.72,21.481,1,0.053
NGC6798,74.49,21.797,1,0.070
NGC6798,81.94,22.267,1,0.105
NGC6798,90.13,22.692,1,0.153
NGC6798,99.14,23.128,1,0.227
NGC6798,109.06,23.680,1,0.349
NGC6798,119.96,24.022,1,0.454
NGC6798,131.96,25.352,0,1.096
NGC6798,145.16,25.467,0,1.183
NGC6798,159.67,26.188,0,1.726
NGC6798,175.64,26.070,0,1.628
NGC3998,0.65,11.932,1,0.002
NGC3998,0.72,11.959,1,0.002
NGC3998,0.79,11.993,1,0.002
NGC3998,0.87,12.031,1,0.003
NGC3998,0.96,12.079,1,0.005
NGC3998,1.05,12.124,1,0.006
NGC3998,1.16,12.186,1,0.008
NGC3998,1.27,12.271,1,0.007
NGC3998,1.40,12.363,1,0.008
NGC3998,1.54,12.442,1,0.009
NGC3998,1.69,12.537,1,0.009
NGC3998,1.86,12.666,1,0.007
NGC3998,2.05,12.790,1,0.007
NGC3998,2.25,12.922,1,0.009
NGC3998,2.48,13.050,1,0.011
NGC3998,2.73,13.190,1,0.011
NGC3998,3.00,13.335,1,0.010
NGC3998,3.30,13.483,1,0.008
NGC3998,3.63,13.639,1,0.008
NGC3998,3.99,13.795,1,0.006
NGC3998,4.39,13.931,1,0.005
NGC3998,4.83,14.096,1,0.005
NGC3998,5.31,14.245,1,0.004
NGC3998,5.85,14.404,1,0.004
NGC3998,6.43,14.568,1,0.005
NGC3998,7.07,14.716,1,0.004
NGC3998,7.78,14.899,1,0.004
NGC3998,8.56,15.100,1,0.003
NGC3998,9.42,15.321,1,0.003
NGC3998,10.36,15.534,1,0.003
NGC3998,11.39,15.755,1,0.003
NGC3998,12.53,15.974,1,0.003
NGC3998,13.78,16.186,1,0.003
NGC3998,15.16,16.402,1,0.003
NGC3998,16.68,16.617,1,0.003
NGC3998,18.35,16.818,1,0.002
NGC3998,20.18,17.012,1,0.003
NGC3998,22.20,17.185,1,0.003
NGC3998,24.42,17.341,1,0.003
NGC3998,26.86,17.472,1,0.003
NGC3998,29.55,17.582,1,0.003
NGC3998,32.50,17.696,1,0.003
NGC3998,35.75,17.855,1,0.004
NGC3998,39.33,18.041,1,0.004
NGC3998,43.26,18.290,1,0.005
NGC3998,47.59,18.570,1,0.006
NGC3998,52.35,18.859,1,0.008
NGC3998,57.58,19.164,1,0.010
NGC3998,63.34,19.493,1,0.014
NGC3998,69.68,19.820,1,0.018
NGC3998,76.64,20.189,1,0.026
NGC3998,84.31,20.602,1,0.037
NGC3998,92.74,21.007,1,0.054
NGC3998,102.01,21.496,1,0.082
NGC3998,112.21,21.916,1,0.119
NGC3998,123.43,22.321,1,0.168
NGC3998,135.78,22.819,1,0.256
NGC3998,149.36,23.465,1,0.425
NGC3998,164.29,23.795,0,0.544
NGC3998,180.72,26.301,0,2.198
NGC3998,240.54,24.051,0,0.650
NGC4203,0.65,12.374,1,0.002
NGC4203,0.72,12.392,1,0.003
NGC4203,0.79,12.417,1,0.003
NGC4203,0.87,12.448,1,0.003
NGC4203,0.96,12.487,1,0.003
NGC4203,1.05,12.538,1,0.005
NGC4203,1.16,12.611,1,0.007
NGC4203,1.27,12.702,1,0.007
NGC4203,1.40,12.826,1,0.009
NGC4203,1.54,12.934,1,0.012
NGC4203,1.69,13.077,1,0.010
NGC4203,1.86,13.192,1,0.008
NGC4203,2.05,13.292,1,0.012
NGC4203,2.25,13.390,1,0.012
NGC4203,2.48,13.511,1,0.011
NGC4203,2.73,13.665,1,0.009
NGC4203,3.00,13.843,1,0.009
NGC4203,3.30,13.988,1,0.008
NGC4203,3.63,14.084,1,0.007
NGC4203,3.99,14.240,1,0.007
NGC4203,4.39,14.414,1,0.006
NGC4203,4.83,14.561,1,0.004
NGC4203,5.31,14.719,1,0.005
NGC4203,5.85,14.907,1,0.004
NGC4203,6.43,15.050,1,0.004
NGC4203,7.07,15.213,1,0.004
NGC4203,7.78,15.361,1,0.003
NGC4203,8.56,15.498,1,0.004
NGC4203,9.42,15.649,1,0.004
NGC4203,10.36,15.772,1,0.004
NGC4203,11.39,15.922,1,0.003
NGC4203,12.53,16.073,1,0.004
NGC4203,13.78,16.257,1,0.003
NGC4203,15.16,16.469,1,0.003
NGC4203,16.68,16.699,1,0.003
NGC4203,18.35,16.936,1,0.004
NGC4203,20.18,17.150,1,0.004
NGC4203,22.20,17.363,1,0.005
NGC4203,24.42,17.565,1,0.006
NGC4203,26.86,17.741,1,0.007
NGC4203,29.55,17.897,1,0.008
NGC4203,32.50,18.036,1,0.009
NGC4203,35.75,18.168,1,0.010
NGC4203,39.33,18.295,1,0.012
NGC4203,43.26,18.433,1,0.013
NGC4203,47.59,18.584,1,0.015
NGC4203,52.35,18.707,1,0.017
NGC4203,57.58,18.851,1,0.019
NGC4203,63.34,19.088,1,0.024
NGC4203,69.68,19.350,1,0.030
NGC4203,76.64,19.652,1,0.040
NGC4203,84.31,20.081,1,0.058
NGC4203,92.74,20.517,1,0.086
NGC4203,102.01,20.984,1,0.129
NGC4203,112.21,21.518,1,0.203
NGC4203,123.43,21.979,1,0.297
NGC4203,135.78,22.464,1,0.435
NGC4203,149.36,23.009,1,0.646
NGC4203,164.29,23.316,1,0.797
NGC4203,180.72,23.619,1,0.963
NGC3626,0.65,12.572,1,0.002
NGC3626,0.72,12.606,1,0.002
NGC3626,0.79,12.640,1,0.002
NGC3626,0.87,12.679,1,0.002
NGC3626,0.96,12.719,1,0.003
NGC3626,1.05,12.763,1,0.003
NGC3626,1.16,12.819,1,0.003
NGC3626,1.27,12.890,1,0.003
NGC3626,1.40,12.967,1,0.003
NGC3626,1.54,13.045,1,0.004
NGC3626,1.69,13.157,1,0.003
NGC3626,1.86,13.284,1,0.004
NGC3626,2.05,13.421,1,0.005
NGC3626,2.25,13.545,1,0.006
NGC3626,2.48,13.699,1,0.007
NGC3626,2.73,13.856,1,0.008
NGC3626,3.00,14.010,1,0.009
NGC3626,3.30,14.216,1,0.009
NGC3626,3.63,14.397,1,0.007
NGC3626,3.99,14.568,1,0.005
NGC3626,4.39,14.753,1,0.005
NGC3626,4.83,14.969,1,0.004
NGC3626,5.31,15.170,1,0.004
NGC3626,5.85,15.364,1,0.004
NGC3626,6.43,15.542,1,0.004
NGC3626,7.07,15.685,1,0.005
NGC3626,7.78,15.837,1,0.004
NGC3626,8.56,15.967,1,0.003
NGC3626,9.42,16.105,1,0.003
NGC3626,10.36,16.235,1,0.003
NGC3626,11.39,16.362,1,0.003
NGC3626,12.53,16.467,1,0.006
NGC3626,13.78,16.554,1,0.005
NGC3626,15.16,16.617,1,0.005
NGC3626,16.68,16.669,1,0.005
NGC3626,18.35,16.768,1,0.005
NGC3626,20.18,16.901,1,0.004
NGC3626,22.20,17.062,1,0.004
NGC3626,24.42,17.290,1,0.004
NGC3626,26.86,17.518,1,0.004
NGC3626,29.55,17.744,1,0.004
NGC3626,32.50,17.989,1,0.005
NGC3626,35.75,18.248,1,0.006
NGC3626,39.33,18.466,1,0.007
NGC3626,43.26,18.688,1,0.010
NGC3626,47.59,18.993,1,0.012
NGC3626,52.35,19.360,1,0.015
NGC3626,57.58,19.743,1,0.017
NGC3626,63.34,19.933,1,0.021
NGC3626,69.68,20.121,1,0.025
NGC3626,76.64,20.492,1,0.032
NGC3626,84.31,20.743,1,0.040
NGC3626,92.74,21.045,1,0.053
NGC3626,102.01,21.326,1,0.068
NGC3626,112.21,21.813,1,0.105
NGC3626,123.43,22.329,1,0.163
NGC3626,135.78,23.097,1,0.307
NGC3626,149.36,23.452,1,0.407
NGC3626,164.29,24.350,1,0.771
NGC3522,0.65,14.313,1,0.002
NGC3522,0.72,14.352,1,0.003
NGC3522,0.79,14.392,1,0.003
NGC3522,0.87,14.440,1,0.003
NGC3522,0.96,14.495,1,0.003
NGC3522,1.05,14.540,1,0.003
NGC3522,1.16,14.611,1,0.004
NGC3522,1.27,14.693,1,0.004
NGC3522,1.40,14.769,1,0.005
NGC3522,1.54,14.863,1,0.005
NGC3522,1.69,14.969,1,0.005
NGC3522,1.86,15.091,1,0.006
NGC3522,2.05,15.216,1,0.007
NGC3522,2.25,15.365,1,0.007
NGC3522,2.48,15.526,1,0.010
NGC3522,2.73,15.686,1,0.011
NGC3522,3.00,15.866,1,0.009
NGC3522,3.30,16.017,1,0.009
NGC3522,3.63,16.176,1,0.008
NGC3522,3.99,16.344,1,0.006
NGC3522,4.39,16.495,1,0.006
NGC3522,4.83,16.641,1,0.005
NGC3522,5.31,16.799,1,0.004
NGC3522,5.85,16.945,1,0.004
NGC3522,6.43,17.113,1,0.004
NGC3522,7.07,17.271,1,0.004
NGC3522,7.78,17.417,1,0.004
NGC3522,8.56,17.569,1,0.004
NGC3522,9.42,17.734,1,0.003
NGC3522,10.36,17.894,1,0.003
NGC3522,11.39,18.057,1,0.003
NGC3522,12.53,18.216,1,0.006
NGC3522,13.78,18.390,1,0.004
NGC3522,15.16,18.572,1,0.004
NGC3522,16.68,18.766,1,0.005
NGC3522,18.35,18.966,1,0.005
NGC3522,20.18,19.193,1,0.006
NGC3522,22.20,19.418,1,0.007
NGC3522,24.42,19.658,1,0.008
NGC3522,26.86,19.907,1,0.010
NGC3522,29.55,20.119,1,0.013
NGC3522,32.50,20.376,1,0.015
NGC3522,35.75,20.581,1,0.019
NGC3522,39.33,20.790,1,0.023
NGC3522,43.26,21.061,1,0.029
NGC3522,47.59,21.280,1,0.035
NGC3522,52.35,21.537,1,0.044
NGC3522,57.58,21.985,1,0.066
NGC3522,63.34,22.331,1,0.089
NGC3522,69.68,22.625,1,0.115
NGC3522,76.64,23.016,1,0.160
NGC3522,84.31,23.338,1,0.211
NGC3522,92.74,23.832,1,0.315
NGC3522,102.01,24.320,1,0.461
NGC3522,112.21,24.694,1,0.604
NGC3522,123.43,25.451,1,0.992
NGC3522,135.78,25.775,1,1.203
NGC3522,149.36,26.692,1,1.889
NGC3522,164.29,27.650,1,2.729
NGC2824,0.65,13.667,1,0.002
NGC2824,0.72,13.708,1,0.002
NGC2824,0.79,13.752,1,0.002
NGC2824,0.87,13.791,1,0.002
NGC2824,0.96,13.842,1,0.003
NGC2824,1.05,13.903,1,0.003
NGC2824,1.16,13.967,1,0.004
NGC2824,1.27,14.044,1,0.003
NGC2824,1.40,14.130,1,0.004
NGC2824,1.54,14.236,1,0.004
NGC2824,1.69,14.368,1,0.005
NGC2824,1.86,14.518,1,0.007
NGC2824,2.05,14.672,1,0.008
NGC2824,2.25,14.850,1,0.008
NGC2824,2.48,15.053,1,0.011
NGC2824,2.73,15.216,1,0.010
NGC2824,3.00,15.414,1,0.010
NGC2824,3.30,15.622,1,0.010
NGC2824,3.63,15.863,1,0.010
NGC2824,3.99,16.037,1,0.007
NGC2824,4.39,16.209,1,0.007
NGC2824,4.83,16.323,1,0.006
NGC2824,5.31,16.468,1,0.005
NGC2824,5.85,16.665,1,0.005
NGC2824,6.43,16.837,1,0.005
NGC2824,7.07,16.982,1,0.005
NGC2824,7.78,17.130,1,0.006
NGC2824,8.56,17.307,1,0.007
NGC2824,9.42,17.523,1,0.009
NGC2824,10.36,17.791,1,0.010
NGC2824,11.39,18.106,1,0.013
NGC2824,12.53,18.454,1,0.019
NGC2824,13.78,18.816,1,0.023
NGC2824,15.16,19.107,1,0.030
NGC2824,16.68,19.377,1,0.038
NGC2824,18.35,19.568,1,0.045
NGC2824,20.18,19.735,1,0.052
NGC2824,22.20,19.859,1,0.059
NGC2824,24.42,19.978,1,0.065
NGC2824,26.86,20.100,1,0.073
NGC2824,29.55,20.529,1,0.106
NGC2824,32.50,20.988,1,0.157
NGC2824,35.75,21.383,1,0.220
NGC2824,39.33,21.551,1,0.253
NGC2824,43.26,21.851,1,0.321
NGC2824,47.59,21.973,1,0.354
NGC2824,52.35,22.255,1,0.439
NGC2824,57.58,22.518,1,0.534
NGC2824,63.34,22.896,1,0.697
NGC2824,69.68,22.909,1,0.704
NGC2824,76.64,22.348,0,0.471
NGC2824,84.31,23.018,0,0.757
NGC2824,92.74,23.967,0,1.334
NGC2824,102.01,23.925,0,1.302
NGC2824,112.21,25.141,0,2.274
NGC2824,123.43,28.303,0,5.302
NGC2824,198.79,25.295,0,2.412
NGC5582,0.65,13.715,1,0.003
NGC5582,0.72,13.737,1,0.003
NGC5582,0.79,13.762,1,0.003
NGC5582,0.87,13.795,1,0.003
NGC5582,0.96,13.833,1,0.004
NGC5582,1.05,13.884,1,0.004
NGC5582,1.16,13.953,1,0.006
NGC5582,1.27,14.015,1,0.007
NGC5582,1.40,14.080,1,0.008
NGC5582,1.54,14.143,1,0.008
NGC5582,1.69,14.231,1,0.007
NGC5582,1.86,14.314,1,0.006
NGC5582,2.05,14.416,1,0.007
NGC5582,2.25,14.539,1,0.007
NGC5582,2.48,14.678,1,0.008
NGC5582,2.73,14.824,1,0.007
NGC5582,3.00,14.966,1,0.008
NGC5582,3.30,15.085,1,0.007
NGC5582,3.63,15.212,1,0.008
NGC5582,3.99,15.373,1,0.006
NGC5582,4.39,15.510,1,0.004
NGC5582,4.83,15.652,1,0.005
NGC5582,5.31,15.808,1,0.005
NGC5582,5.85,15.978,1,0.003
NGC5582,6.43,16.148,1,0.004
NGC5582,7.07,16.303,1,0.003
NGC5582,7.78,16.468,1,0.003
NGC5582,8.56,16.637,1,0.003
NGC5582,9.42,16.809,1,0.003
NGC5582,10.36,16.978,1,0.003
NGC5582,11.39,17.154,1,0.003
NGC5582,12.53,17.335,1,0.006
NGC5582,13.78,17.506,1,0.005
NGC5582,15.16,17.688,1,0.005
NGC5582,16.68,17.858,1,0.005
NGC5582,18.35,18.026,1,0.005
NGC5582,20.18,18.206,1,0.006
NGC5582,22.20,18.342,1,0.007
NGC5582,24.42,18.500,1,0.008
NGC5582,26.86,18.649,1,0.009
NGC5582,29.55,18.819,1,0.010
NGC5582,32.50,18.981,1,0.011
NGC5582,35.75,19.159,1,0.013
NGC5582,39.33,19.361,1,0.016
NGC5582,43.26,19.520,1,0.018
NGC5582,47.59,19.729,1,0.022
NGC5582,52.35,19.984,1,0.028
NGC5582,57.58,20.238,1,0.035
NGC5582,63.34,20.434,1,0.042
NGC5582,69.68,20.721,1,0.053
NGC5582,76.64,20.979,1,0.068
NGC5582,84.31,21.348,1,0.094
NGC5582,92.74,21.662,1,0.123
NGC5582,102.01,21.838,1,0.143
NGC5582,112.21,21.937,1,0.156
NGC5582,123.43,22.081,1,0.177
NGC5582,135.78,22.472,1,0.244
NGC5582,149.36,23.086,1,0.399
NGC5582,164.29,23.994,1,0.768
NGC4262,0.65,12.772,1,0.001
NGC4262,0.72,12.784,1,0.001
NGC4262,0.79,12.808,1,0.002
NGC4262,0.87,12.833,1,0.002
NGC4262,0.96,12.857,1,0.003
NGC4262,1.05,12.890,1,0.003
NGC4262,1.16,12.934,1,0.003
NGC4262,1.27,12.996,1,0.003
NGC4262,1.40,13.080,1,0.003
NGC4262,1.54,13.155,1,0.003
NGC4262,1.69,13.232,1,0.004
NGC4262,1.86,13.330,1,0.005
NGC4262,2.05,13.437,1,0.006
NGC4262,2.25,13.546,1,0.006
NGC4262,2.48,13.663,1,0.007
NGC4262,2.73,13.809,1,0.006
NGC4262,3.00,13.957,1,0.005
NGC4262,3.30,14.108,1,0.005
NGC4262,3.63,14.249,1,0.006
NGC4262,3.99,14.452,1,0.007
NGC4262,4.39,14.665,1,0.005
NGC4262,4.83,14.854,1,0.005
NGC4262,5.31,15.074,1,0.005
NGC4262,5.85,15.292,1,0.004
NGC4262,6.43,15.487,1,0.005
NGC4262,7.07,15.696,1,0.005
NGC4262,7.78,15.884,1,0.006
NGC4262,8.56,16.055,1,0.008
NGC4262,9.42,16.227,1,0.009
NGC4262,10.36,16.383,1,0.010
NGC4262,11.39,16.541,1,0.011
NGC4262,12.53,16.770,1,0.011
NGC4262,13.78,17.019,1,0.008
NGC4262,15.16,17.319,1,0.004
NGC4262,16.68,17.599,1,0.004
NGC4262,18.35,17.830,1,0.003
NGC4262,20.18,18.001,1,0.003
NGC4262,22.20,18.178,1,0.003
NGC4262,24.42,18.380,1,0.004
NGC4262,26.86,18.616,1,0.005
NGC4262,29.55,18.912,1,0.006
NGC4262,32.50,19.212,1,0.007
NGC4262,35.75,19.485,1,0.009
NGC4262,39.33,19.749,1,0.011
NGC4262,43.26,19.993,1,0.013
NGC4262,47.59,20.367,1,0.019
NGC4262,52.35,20.769,1,0.027
NGC4262,57.58,21.234,1,0.040
NGC4262,63.34,21.722,1,0.063
NGC4262,69.68,22.207,1,0.095
NGC4262,76.64,22.585,1,0.132
NGC4262,84.31,23.029,1,0.192
NGC4262,92.74,23.500,1,0.283
NGC4262,102.01,23.814,1,0.363
NGC4262,112.21,24.068,1,0.441
NGC4262,123.43,24.415,1,0.572
NGC4262,135.78,24.817,1,0.755
NGC4262,149.36,25.850,1,1.387
NGC4262,198.79,23.267,0,0.235
NGC4262,218.67,25.405,0,1.079
NGC4262,240.54,22.500,0,nan
NGC4278,0.65,12.659,1,0.001
NGC4278,0.72,12.674,1,0.002
NGC4278,0.79,12.691,1,0.002
NGC4278,0.87,12.714,1,0.001
NGC4278,0.96,12.743,1,0.002
NGC4278,1.05,12.774,1,0.002
NGC4278,1.16,12.804,1,0.002
NGC4278,1.27,12.840,1,0.002
NGC4278,1.40,12.881,1,0.003
NGC4278,1.54,12.931,1,0.003
NGC4278,1.69,12.988,1,0.003
NGC4278,1.86,13.057,1,0.002
NGC4278,2.05,13.135,1,0.002
NGC4278,2.25,13.230,1,0.003
NGC4278,2.48,13.333,1,0.003
NGC4278,2.73,13.434,1,0.003
NGC4278,3.00,13.530,1,0.003
NGC4278,3.30,13.648,1,0.003
NGC4278,3.63,13.785,1,0.003
NGC4278,3.99,13.909,1,0.003
NGC4278,4.39,14.028,1,0.003
NGC4278,4.83,14.161,1,0.002
NGC4278,5.31,14.296,1,0.002
NGC4278,5.85,14.424,1,0.002
NGC4278,6.43,14.559,1,0.002
NGC4278,7.07,14.699,1,0.002
NGC4278,7.78,14.842,1,0.002
NGC4278,8.56,14.997,1,0.002
NGC4278,9.42,15.164,1,0.001
NGC4278,10.36,15.327,1,0.002
NGC4278,11.39,15.514,1,0.001
NGC4278,12.53,15.707,1,0.002
NGC4278,13.78,15.897,1,0.002
NGC4278,15.16,16.096,1,0.001
NGC4278,16.68,16.301,1,0.002
NGC4278,18.35,16.508,1,0.002
NGC4278,20.18,16.720,1,0.002
NGC4278,22.20,16.942,1,0.002
NGC4278,24.42,17.167,1,0.002
NGC4278,26.86,17.381,1,0.003
NGC4278,29.55,17.575,1,0.003
NGC4278,32.50,17.757,1,0.004
NGC4278,35.75,17.941,1,0.004
NGC4278,39.33,18.131,1,0.005
NGC4278,43.26,18.325,1,0.006
NGC4278,47.59,18.533,1,0.007
NGC4278,52.35,18.773,1,0.009
NGC4278,57.58,19.026,1,0.011
NGC4278,63.34,19.265,1,0.014
NGC4278,69.68,19.515,1,0.018
NGC4278,76.64,19.771,1,0.022
NGC4278,84.31,20.059,1,0.029
NGC4278,92.74,20.355,1,0.038
NGC4278,102.01,20.678,1,0.051
NGC4278,112.21,20.984,1,0.067
NGC4278,123.43,21.310,1,0.089
NGC4278,135.78,21.635,1,0.118
NGC4278,149.36,22.072,1,0.173
NGC4278,164.29,22.487,1,0.244
NGC4278,180.72,23.015,1,0.375
NGC4278,198.79,23.413,1,0.505
NGC4278,218.67,25.229,0,1.547
NGC4278,240.54,22.485,0,0.245
NGC2974,0.65,13.426,1,0.002
NGC2974,0.72,13.425,1,0.002
NGC2974,0.79,13.430,1,0.002
NGC2974,0.87,13.434,1,0.002
NGC2974,0.96,13.433,1,0.002
NGC2974,1.05,13.429,1,0.002
NGC2974,1.16,13.425,1,0.001
NGC2974,1.27,13.437,1,0.002
NGC2974,1.40,13.443,1,0.003
NGC2974,1.54,13.465,1,0.004
NGC2974,1.69,13.508,1,0.006
NGC2974,1.86,13.557,1,0.008
NGC2974,2.05,13.621,1,0.009
NGC2974,2.25,13.693,1,0.009
NGC2974,2.48,13.774,1,0.007
NGC2974,2.73,13.839,1,0.008
NGC2974,3.00,13.930,1,0.007
NGC2974,3.30,14.067,1,0.008
NGC2974,3.63,14.204,1,0.005
NGC2974,3.99,14.290,1,0.006
NGC2974,4.39,14.377,1,0.005
NGC2974,4.83,14.475,1,0.004
NGC2974,5.31,14.557,1,0.005
NGC2974,5.85,14.683,1,0.004
NGC2974,6.43,14.791,1,0.004
NGC2974,7.07,14.945,1,0.003
NGC2974,7.78,15.131,1,0.003
NGC2974,8.56,15.281,1,0.003
NGC2974,9.42,15.435,1,0.003
NGC2974,10.36,15.565,1,0.003
NGC2974,11.39,15.708,1,0.002
NGC2974,12.53,15.884,1,0.003
NGC2974,13.78,16.044,1,0.002
NGC2974,15.16,16.190,1,0.002
NGC2974,16.68,16.344,1,0.002
NGC2974,18.35,16.511,1,0.002
NGC2974,20.18,16.700,1,0.002
NGC2974,22.20,16.910,1,0.003
NGC2974,24.42,17.112,1,0.003
NGC2974,26.86,17.270,1,0.003
NGC2974,29.55,17.435,1,0.003
NGC2974,32.50,17.605,1,0.004
NGC2974,35.75,17.757,1,0.004
NGC2974,39.33,17.917,1,0.005
NGC2974,43.26,18.253,1,0.007
NGC2974,47.59,18.486,1,0.008
NGC2974,52.35,18.558,1,0.009
NGC2974,57.58,18.660,1,0.010
NGC2974,63.34,18.955,1,0.013
NGC2974,69.68,19.191,1,0.016
NGC2974,76.64,19.425,1,0.019
NGC2974,84.31,19.852,1,0.028
NGC2974,92.74,20.116,1,0.035
NGC2974,102.01,20.368,1,0.044
NGC2974,112.21,20.742,1,0.061
NGC2974,123.43,21.086,1,0.083
NGC2974,135.78,21.463,1,0.115
NGC2974,149.36,21.934,1,0.173
NGC2974,164.29,22.415,1,0.258
NGC2974,180.72,22.848,1,0.365
NGC2974,198.79,23.482,1,0.586
NGC2974,218.67,25.786,0,2.108
NGC3945,0.65,12.894,1,0.002
NGC3945,0.72,12.922,1,0.002
NGC3945,0.79,12.952,1,0.002
NGC3945,0.87,12.985,1,0.002
NGC3945,0.96,13.022,1,0.002
NGC3945,1.05,13.066,1,0.002
NGC3945,1.16,13.117,1,0.002
NGC3945,1.27,13.174,1,0.003
NGC3945,1.40,13.234,1,0.003
NGC3945,1.54,13.304,1,0.004
NGC3945,1.69,13.378,1,0.004
NGC3945,1.86,13.463,1,0.004
NGC3945,2.05,13.553,1,0.004
NGC3945,2.25,13.643,1,0.004
NGC3945,2.48,13.746,1,0.003
NGC3945,2.73,13.853,1,0.003
NGC3945,3.00,13.960,1,0.003
NGC3945,3.30,14.063,1,0.003
NGC3945,3.63,14.159,1,0.002
NGC3945,3.99,14.257,1,0.002
NGC3945,4.39,14.350,1,0.002
NGC3945,4.83,14.446,1,0.002
NGC3945,5.31,14.540,1,0.002
NGC3945,5.85,14.648,1,0.002
NGC3945,6.43,14.765,1,0.002
NGC3945,7.07,14.895,1,0.001
NGC3945,7.78,15.038,1,0.002
NGC3945,8.56,15.195,1,0.002
NGC3945,9.42,15.365,1,0.002
NGC3945,10.36,15.556,1,0.002
NGC3945,11.39,15.766,1,0.002
NGC3945,12.53,16.002,1,0.005
NGC3945,13.78,16.256,1,0.003
NGC3945,15.16,16.504,1,0.003
NGC3945,16.68,16.748,1,0.003
NGC3945,18.35,17.004,1,0.004
NGC3945,20.18,17.186,1,0.006
NGC3945,22.20,17.376,1,0.007
NGC3945,24.42,17.549,1,0.008
NGC3945,26.86,17.711,1,0.012
NGC3945,29.55,17.841,1,0.015
NGC3945,32.50,17.986,1,0.016
NGC3945,35.75,18.233,1,0.008
NGC3945,39.33,18.501,1,0.007
NGC3945,43.26,18.813,1,0.008
NGC3945,47.59,19.029,1,0.010
NGC3945,52.35,19.283,1,0.012
NGC3945,57.58,19.533,1,0.014
NGC3945,63.34,19.836,1,0.019
NGC3945,69.68,20.146,1,0.026
NGC3945,76.64,20.363,1,0.033
NGC3945,84.31,20.462,1,0.037
NGC3945,92.74,20.564,1,0.040
NGC3945,102.01,20.636,1,0.041
NGC3945,112.21,20.753,1,0.043
NGC3945,123.43,21.029,1,0.055
NGC3945,135.78,21.391,1,0.078
NGC3945,149.36,22.043,1,0.133
NGC3945,164.29,22.465,1,0.191
NGC3945,180.72,23.070,1,0.314
NGC3945,198.79,24.432,1,0.848
NGC3945,240.54,26.438,0,2.320
NGC3945,264.59,22.286,0,0.226
NGC2859,0.65,13.194,1,0.001
NGC2859,0.72,13.209,1,0.001
NGC2859,0.79,13.226,1,0.001
NGC2859,0.87,13.248,1,0.002
NGC2859,0.96,13.275,1,0.002
NGC2859,1.05,13.307,1,0.002
NGC2859,1.16,13.345,1,0.002
NGC2859,1.27,13.394,1,0.003
NGC2859,1.40,13.454,1,0.004
NGC2859,1.54,13.525,1,0.004
NGC2859,1.69,13.610,1,0.004
NGC2859,1.86,13.660,1,0.004
NGC2859,2.05,13.736,1,0.005
NGC2859,2.25,13.803,1,0.005
NGC2859,2.48,13.876,1,0.006
NGC2859,2.73,13.958,1,0.006
NGC2859,3.00,14.058,1,0.005
NGC2859,3.30,14.157,1,0.004
NGC2859,3.63,14.242,1,0.005
NGC2859,3.99,14.341,1,0.004
NGC2859,4.39,14.481,1,0.004
NGC2859,4.83,14.618,1,0.003
NGC2859,5.31,14.778,1,0.002
NGC2859,5.85,14.992,1,0.003
NGC2859,6.43,15.200,1,0.002
NGC2859,7.07,15.437,1,0.002
NGC2859,7.78,15.687,1,0.003
NGC2859,8.56,15.908,1,0.003
NGC2859,9.42,16.118,1,0.003
NGC2859,10.36,16.314,1,0.003
NGC2859,11.39,16.502,1,0.003
NGC2859,12.53,16.667,1,0.003
NGC2859,13.78,16.832,1,0.003
NGC2859,15.16,16.988,1,0.003
NGC2859,16.68,17.155,1,0.003
NGC2859,18.35,17.316,1,0.004
NGC2859,20.18,17.479,1,0.005
NGC2859,22.20,17.622,1,0.006
NGC2859,24.42,17.742,1,0.008
NGC2859,26.86,17.811,1,0.010
NGC2859,29.55,17.880,1,0.011
NGC2859,32.50,18.044,1,0.010
NGC2859,35.75,18.258,1,0.007
NGC2859,39.33,18.650,1,0.008
NGC2859,43.26,19.181,1,0.011
NGC2859,47.59,19.736,1,0.017
NGC2859,52.35,20.361,1,0.030
NGC2859,57.58,20.944,1,0.051
NGC2859,63.34,21.389,1,0.076
NGC2859,69.68,21.768,1,0.107
NGC2859,76.64,22.093,1,0.142
NGC2859,84.31,22.438,1,0.191
NGC2859,92.74,24.571,0,0.989
UGC6176,0.65,13.815,1,0.004
UGC6176,0.72,13.841,1,0.004
UGC6176,0.79,13.877,1,0.003
UGC6176,0.87,13.924,1,0.003
UGC6176,0.96,13.982,1,0.003
UGC6176,1.05,14.043,1,0.004
UGC6176,1.16,14.109,1,0.004
UGC6176,1.27,14.200,1,0.004
UGC6176,1.40,14.290,1,0.005
UGC6176,1.54,14.407,1,0.007
UGC6176,1.69,14.537,1,0.008
UGC6176,1.86,14.702,1,0.009
UGC6176,2.05,14.855,1,0.010
UGC6176,2.25,15.063,1,0.010
UGC6176,2.48,15.292,1,0.011
UGC6176,2.73,15.528,1,0.011
UGC6176,3.00,15.765,1,0.013
UGC6176,3.30,15.974,1,0.013
UGC6176,3.63,16.148,1,0.012
UGC6176,3.99,16.301,1,0.011
UGC6176,4.39,16.444,1,0.008
UGC6176,4.83,16.561,1,0.007
UGC6176,5.31,16.681,1,0.007
UGC6176,5.85,16.839,1,0.007
UGC6176,6.43,17.008,1,0.006
UGC6176,7.07,17.193,1,0.006
UGC6176,7.78,17.399,1,0.004
UGC6176,8.56,17.623,1,0.005
UGC6176,9.42,17.870,1,0.006
UGC6176,10.36,18.114,1,0.007
UGC6176,11.39,18.402,1,0.008
UGC6176,12.53,18.644,1,0.012
UGC6176,13.78,18.878,1,0.013
UGC6176,15.16,19.079,1,0.014
UGC6176,16.68,19.248,1,0.016
UGC6176,18.35,19.352,1,0.018
UGC6176,20.18,19.451,1,0.019
UGC6176,22.20,19.537,1,0.019
UGC6176,24.42,19.813,1,0.024
UGC6176,26.86,20.095,1,0.031
UGC6176,29.55,20.446,1,0.043
UGC6176,32.50,20.942,1,0.064
UGC6176,35.75,21.395,1,0.094
UGC6176,39.33,21.782,1,0.129
UGC6176,43.26,22.201,1,0.186
UGC6176,47.59,22.729,1,0.287
UGC6176,52.35,23.356,1,0.466
UGC6176,57.58,23.888,1,0.685
UGC6176,63.34,24.343,1,0.918
UGC6176,69.68,25.315,1,1.572
UGC6176,76.64,24.657,0,1.105
UGC6176,84.31,24.793,0,1.192
UGC6176,92.74,26.690,0,2.738
UGC6176,102.01,25.691,0,1.865
UGC6176,112.21,26.112,0,2.219
UGC6176,123.43,25.347,0,1.587
UGC6176,135.78,25.709,0,1.876
UGC6176,149.36,24.579,0,1.053
NGC2685,0.65,13.350,1,0.003
NGC2685,0.72,13.367,1,0.003
NGC2685,0.79,13.386,1,0.003
NGC2685,0.87,13.410,1,0.003
NGC2685,0.96,13.435,1,0.003
NGC2685,1.05,13.473,1,0.003
NGC2685,1.16,13.505,1,0.003
NGC2685,1.27,13.549,1,0.004
NGC2685,1.40,13.599,1,0.004
NGC2685,1.54,13.655,1,0.005
NGC2685,1.69,13.719,1,0.005
NGC2685,1.86,13.788,1,0.006
NGC2685,2.05,13.850,1,0.007
NGC2685,2.25,13.918,1,0.006
NGC2685,2.48,13.992,1,0.006
NGC2685,2.73,14.086,1,0.007
NGC2685,3.00,14.205,1,0.006
NGC2685,3.30,14.321,1,0.007
NGC2685,3.63,14.437,1,0.007
NGC2685,3.99,14.564,1,0.007
NGC2685,4.39,14.695,1,0.005
NGC2685,4.83,14.806,1,0.006
NGC2685,5.31,14.928,1,0.006
NGC2685,5.85,15.033,1,0.006
NGC2685,6.43,15.171,1,0.005
NGC2685,7.07,15.313,1,0.004
NGC2685,7.78,15.447,1,0.003
NGC2685,8.56,15.568,1,0.003
NGC2685,9.42,15.725,1,0.003
NGC2685,10.36,15.868,1,0.003
NGC2685,11.39,15.993,1,0.004
NGC2685,12.53,16.068,1,0.011
NGC2685,13.78,16.320,1,0.012
NGC2685,15.16,16.441,1,0.009
NGC2685,16.68,16.577,1,0.008
NGC2685,18.35,16.738,1,0.007
NGC2685,20.18,16.876,1,0.007
NGC2685,22.20,17.021,1,0.008
NGC2685,24.42,17.185,1,0.008
NGC2685,26.86,17.325,1,0.009
NGC2685,29.55,17.470,1,0.009
NGC2685,32.50,17.652,1,0.009
NGC2685,35.75,17.884,1,0.010
NGC2685,39.33,18.189,1,0.010
NGC2685,43.26,18.525,1,0.012
NGC2685,47.59,18.892,1,0.015
NGC2685,52.35,19.202,1,0.020
NGC2685,57.58,19.507,1,0.027
NGC2685,63.34,19.826,1,0.036
NGC2685,69.68,19.968,1,0.041
NGC2685,76.64,20.278,1,0.051
NGC2685,84.31,20.596,1,0.066
NGC2685,92.74,20.886,1,0.085
NGC2685,102.01,21.054,1,0.099
NGC2685,112.21,21.196,1,0.112
NGC2685,123.43,21.406,1,0.135
NGC2685,135.78,21.761,1,0.183
NGC2685,149.36,22.145,1,0.251
NGC2685,164.29,22.643,1,0.372
NGC2685,180.72,23.337,1,0.621
NGC2685,198.79,23.477,1,0.685
NGC2685,218.67,24.521,0,1.294
NGC2685,240.54,25.875,0,2.382
NGC2685,264.59,25.102,0,1.730
NGC3941,0.65,12.481,1,0.003
NGC3941,0.72,12.475,1,0.003
NGC3941,0.79,12.512,1,0.003
NGC3941,0.87,12.554,1,0.004
NGC3941,0.96,12.579,1,0.005
NGC3941,1.05,12.607,1,0.005
NGC3941,1.16,12.655,1,0.005
NGC3941,1.27,12.710,1,0.006
NGC3941,1.40,12.766,1,0.005
NGC3941,1.54,12.830,1,0.005
NGC3941,1.69,12.884,1,0.006
NGC3941,1.86,12.965,1,0.005
NGC3941,2.05,13.060,1,0.006
NGC3941,2.25,13.184,1,0.005
NGC3941,2.48,13.319,1,0.007
NGC3941,2.73,13.449,1,0.007
NGC3941,3.00,13.559,1,0.005
NGC3941,3.30,13.677,1,0.008
NGC3941,3.63,13.812,1,0.008
NGC3941,3.99,13.995,1,0.007
NGC3941,4.39,14.170,1,0.004
NGC3941,4.83,14.305,1,0.004
NGC3941,5.31,14.461,1,0.004
NGC3941,5.85,14.603,1,0.003
NGC3941,6.43,14.722,1,0.003
NGC3941,7.07,14.857,1,0.002
NGC3941,7.78,14.977,1,0.002
NGC3941,8.56,15.106,1,0.002
NGC3941,9.42,15.248,1,0.002
NGC3941,10.36,15.385,1,0.002
NGC3941,11.39,15.513,1,0.002
NGC3941,12.53,15.636,1,0.004
NGC3941,13.78,15.768,1,0.004
NGC3941,15.16,15.873,1,0.004
NGC3941,16.68,15.984,1,0.004
NGC3941,18.35,16.101,1,0.006
NGC3941,20.18,16.251,1,0.006
NGC3941,22.20,16.465,1,0.006
NGC3941,24.42,16.734,1,0.004
NGC3941,26.86,16.971,1,0.003
NGC3941,29.55,17.175,1,0.003
NGC3941,32.50,17.366,1,0.004
NGC3941,35.75,17.517,1,0.004
NGC3941,39.33,17.673,1,0.005
NGC3941,43.26,17.845,1,0.005
NGC3941,47.59,18.062,1,0.006
NGC3941,52.35,18.330,1,0.008
NGC3941,57.58,18.596,1,0.010
NGC3941,63.34,18.917,1,0.013
NGC3941,69.68,19.300,1,0.018
NGC3941,76.64,19.689,1,0.025
NGC3941,84.31,20.144,1,0.037
NGC3941,92.74,20.416,1,0.048
NGC3941,102.01,20.843,1,0.070
NGC3941,112.21,21.308,1,0.105
NGC3941,123.43,21.739,1,0.153
NGC3941,135.78,22.178,1,0.221
NGC3941,149.36,22.584,1,0.308
NGC3941,164.29,23.135,1,0.473
NGC3941,180.72,23.486,1,0.609
NGC3941,198.79,23.691,1,0.704
NGC3941,218.67,23.655,1,0.686
NGC3941,240.54,24.499,0,1.164
NGC3941,264.59,25.157,0,1.638
